uuid,firstName,lastName,street,city,state,zip,email(s)
by5-49wz-04oa-9k3877z9blf4,Hedwiga,Liversley,321 Talmadge Street,Charlotte,North Carolina,23409,eo6tz9@gmail.com,qv.smz1@unl.edu
wm0-95nz-32sq-9o1163m5ldv2,Hertha,Reddlesden,10 Kipling Hill,Ocala,Florida,39891,yv0lq6@gmail.com,pt.hggk@unl.edu
fm5-70yy-08cn-4u7830y2ksq0,Cordelie,Slainey,3213 Laurel Road,Miami,Florida,27322,jn5bg4@gmail.com
ku4-03wn-26fs-3m4408r8hjz2,Emanuel,Gouch,324 Sachs Street,Austin,Texas,40447,gssoan@gmail.com,uc.yix1@unl.edu,egouch3@tmall.com
ry0-70yv-53rs-0o7641f4odi8,Phaedra,Braksper,947 Sauthoff Road,New Haven,Connecticut,58103,xf2zu8@gmail.com,ti0qwdi@unl.edu,pbraksper4@github.io
fx3-91pg-94fw-9f0663a3qom1,Alix,Desporte,6543 Bunting Street,South Bend,Indiana,74457,wa3su8@gmail.com,adesporte5@liveinternet.ru
so4-67cq-97ic-6i5209g2kzb0,Delmor,Heaviside,888 Holmberg Hill,Levittown,Pennsylvania,26708,nbozk2@gmail.com
vo8-71m9-55oi-2g4246y4wou9,Jerrilyn,Tomczykiewicz,992 Tennessee Road,New Orleans,Louisiana,12955,dj4mos@gmail.com,cbfb9rr@unl.edu
lz6-31gn-62rh-4p2470p5bqs4,Warden,Bleier,7420 School Street,Santa Barbara,California,22768,yylzxr@gmail.com,fxqn8y0@unl.edu
xb9-31cf-34hh-4t7099q1qdr2,Reggy,Tulk,5210 Raven Baltimore,Kansas City,Kansas,34836,hiqut2@gmail.com
gh3-19i6-90id-0f1419r5ukt5,Wally,Diemer,11 Sunbrook Hill,Saint Louis,Missouri,95520,ghkmj0@gmail.com
du3-05fy-70vj-3t8875f8csm7,Charin,Asee,2401 Johnson Road,Tampa,Florida,85448,ot8tvg@gmail.com
tw7-68j7-40ep-0a9363c7cgi5,Ritchie,Westmorland,4190 Nova Nevada Hill,Spokane,Washington,28856,jz2eeb@gmail.com
il7-08hb-03ir-5q5145r7xdk0,Isa,Fordyce,4100 Blaine Blond Street,Trenton,New Jersey,30362,cn3mea@gmail.com
oc9-70gt-75qu-6l7757a4xix4,Caritta,Winslade,1020 Morrow Road,Fort Worth,Texas,17792,cg3dyu@gmail.com